{
  "config": {
    "max_episodes": 100,
    "max_steps_per_episode": 20,
    "max_candidates": 20,
    "max_replacements": 36,
    "lr_actor": 0.0001,
    "lr_critic": 0.0002,
    "gamma": 0.99,
    "gae_lambda": 0.95,
    "eps_clip": 0.1,
    "entropy_coef": 0.05,
    "batch_size": 64
  },
  "training_stats": {
    "episode_rewards": [
      313.37980358587185,
      472.8517811186316,
      578.4566476041981,
      586.7659650307344,
      713.01702092648,
      737.1664258818225,
      845.6482569538541,
      1041.910402869991,
      1039.8456116230195,
      964.9901723051667,
      845.2185145776741,
      952.2820478341814,
      732.6595697743041,
      964.758445517794,
      866.4094446953644,
      1195.480482613912,
      1066.7831832024915,
      1007.9535597007952,
      747.7801745341352,
      692.9461016415167,
      675.8949026022927,
      876.5334222367385,
      948.554540983013,
      974.1703446878364,
      924.3737104537312,
      922.8456991190077,
      798.1668011693507,
      793.8817709857409,
      815.7386868636423,
      822.3071824678135,
      940.8916634016707,
      964.0645959864399,
      928.5105879522657,
      926.584309416227,
      913.9927491066488,
      1027.8964631719846,
      887.1165850851635,
      872.6981064236446,
      838.3512112768453,
      882.7286085988777,
      875.1230834518151,
      830.2348087217057,
      240.4680173303439,
      189.75378959608398,
      598.3184460314818,
      1135.292856734043,
      1156.918006334352,
      927.9096421226865,
      756.2652248041308,
      761.011536676704,
      769.8717849949447,
      768.6720561452704,
      883.9026762523962,
      963.5803621962451,
      1155.424731865716,
      933.1474468291678,
      913.999513449434,
      908.0096044971353,
      1066.9327149877324,
      1196.0618987615394,
      1077.609675629224,
      1029.9999911348887,
      953.1458112404429,
      984.9862336809949,
      1042.1460035086893,
      975.4430344581385,
      942.8181940618814,
      937.7987168934549,
      905.0494057384285,
      903.8683689912195,
      819.9303434811461,
      885.982346487256,
      880.1855615859979,
      889.7350794397142,
      906.6754551683175,
      888.6824175373115,
      904.0811254320694,
      743.3959025655535,
      416.3328484911552,
      414.2823416662883,
      390.48898615456784,
      361.4527716187407,
      923.8857059669936,
      1076.7114661496562,
      1147.4561021215695,
      845.3434133270364,
      756.2683314154426,
      721.1824445932273,
      760.1577024038588,
      717.2556378724978,
      622.0934804274848,
      555.4542058300291,
      765.7857407231095,
      932.2620370231598,
      1065.8556710473867,
      1252.9277428048701,
      1285.4136432597616,
      1349.072308255117,
      1274.0473392054498,
      876.3516033225383
    ],
    "episode_lengths": [
      20,
      20,
      20,
      20,
      20,
      20,
      20,
      20,
      20,
      20,
      20,
      20,
      20,
      20,
      20,
      20,
      20,
      20,
      20,
      20,
      20,
      20,
      20,
      20,
      20,
      20,
      20,
      20,
      20,
      20,
      20,
      20,
      20,
      20,
      20,
      20,
      20,
      20,
      20,
      20,
      20,
      20,
      20,
      20,
      20,
      20,
      20,
      20,
      20,
      20,
      20,
      20,
      20,
      20,
      20,
      20,
      20,
      20,
      20,
      20,
      20,
      20,
      20,
      20,
      20,
      20,
      20,
      20,
      20,
      20,
      20,
      20,
      20,
      20,
      20,
      20,
      20,
      20,
      20,
      20,
      20,
      20,
      20,
      20,
      20,
      20,
      20,
      20,
      20,
      20,
      20,
      20,
      20,
      20,
      20,
      20,
      20,
      20,
      20,
      20
    ],
    "tns_improvements": [
      746.4311421029101,
      311.83167284155934,
      173.97128252010225,
      47.10321040938152,
      397.56420536870905,
      -51.49214408786702,
      751.2198670941602,
      42.060910478293636,
      2.345901260406663,
      -838.9529104973756,
      547.0945940378422,
      72.00595704044031,
      -15.498158374182367,
      58.332339192217205,
      586.2544917411984,
      -212.95243431577956,
      -283.361335528915,
      8.997469472119292,
      -932.9486109852232,
      -91.16440971913516,
      141.62493456839866,
      681.1645719157807,
      285.45343980487837,
      -300.22151551515003,
      -34.15434615453,
      -1.3434808874671944,
      -400.9215198085906,
      152.1009990706218,
      -35.11757565454354,
      82.87248698198437,
      209.93540323430534,
      133.4232729635105,
      -129.14891430162425,
      -35.3709285497755,
      227.86139732843912,
      97.06568920780819,
      -953.102045542563,
      545.0144801705926,
      -359.5479484075888,
      378.40131179789773,
      -50.73097517914266,
      -1650.219301140624,
      134.22818465958017,
      -52.75691016257406,
      1864.5414176073566,
      467.7132033707412,
      39.68014821477436,
      -1483.9461940817307,
      417.7480600370452,
      -2.1900259471265144,
      -3.304023734486691,
      264.29514238393494,
      112.66632116757319,
      586.37184231537,
      154.98308254291373,
      -661.8770558099575,
      -37.90878737190701,
      -21.34126217613243,
      1167.4287416792904,
      -593.3100423576107,
      -169.15163781749231,
      -256.90893959389246,
      -596.2812489835605,
      911.4340429942541,
      -438.1772739948036,
      45.76650188239182,
      32.64100114361645,
      -108.19656325257188,
      -40.51115015202686,
      43.14093544096454,
      -73.25728941649527,
      -9.469425281773283,
      2.0561330498217103,
      59.241389808412805,
      -32.7848860481829,
      20.172308348833894,
      -0.2253752748995339,
      -1413.1702531351873,
      140.27712381111814,
      -30.338176536737592,
      -50.47562388245842,
      -51.871840363806314,
      1589.1441559551106,
      503.5442083437597,
      -43.22697772571678,
      -1016.5149873603709,
      -42.77089810537859,
      -50.68367967810468,
      128.86225471552052,
      -195.88730715837983,
      -384.48600013097166,
      36.39599747250804,
      1006.3477869048327,
      -97.65577274775433,
      460.504081153834,
      400.81471635319485,
      4.583666797782826,
      113.2703935176853,
      -196.68289298100524,
      -945.9572052390384
    ],