{
  "config": {
    "max_episodes": 100,
    "max_steps_per_episode": 20,
    "max_candidates": 20,
    "max_replacements": 36,
    "lr_actor": 0.0001,
    "lr_critic": 0.0002,
    "gamma": 0.99,
    "gae_lambda": 0.95,
    "eps_clip": 0.1,
    "entropy_coef": 0.05,
    "batch_size": 64
  },
  "training_stats": {
    "episode_rewards": [
      56.933624756837716,
      99.06307630013376,
      46.51332964096841,
      188.01903002869614,
      567.9225968327987,
      613.4258669582272,
      615.7332892771152,
      615.3005850557745,
      618.1613832203578,
      608.1466095513798,
      623.979330091412,
      631.4642625877516,
      639.0061648949553,
      651.5853509382613,
      652.7984838086493,
      650.4530347768329,
      656.8875916773793,
      655.5557049327981,
      659.2706563743509,
      667.0985668674971,
      659.0723596458574,
      653.0776161327685,
      665.4943703101476,
      695.5665221517809,
      642.649602112276,
      698.7713802932817,
      687.8366001624704,
      846.1707979299001,
      916.0983092272264,
      910.3202815346577,
      912.2416816131838,
      972.8751182780917,
      971.6197050141728,
      974.2289960639566,
      967.9038449190895,
      989.9743925514587,
      964.7172255504411,
      984.8346536353125,
      992.2644871034379,
      978.5432934762189,
      969.760744355511,
      970.0915284008063,
      888.5926949901234,
      877.4784685150395,
      880.8391282251681,
      849.5635476591888,
      821.9486683882955,
      807.5544786509745,
      822.900509592423,
      825.5742256276224,
      952.875647583429,
      981.8124843868574,
      977.4913735343591,
      978.483720950305,
      988.9248765258347,
      989.0167394510509,
      987.5027516168145,
      991.7501662017419,
      1004.4123573385169,
      984.7286780426059,
      964.9764050567641,
      944.5700451280671,
      870.8782950928687,
      922.4197671274378,
      923.5864600270997,
      909.2321934197952,
      913.4881224367156,
      946.5867782920078,
      954.4809056978038,
      951.0314842853979,
      949.8898708938593,
      961.5875778333162,
      953.8500332158259,
      996.6082954478854,
      995.8292600652059,
      980.2046843744906,
      1003.8908626619806,
      1005.1192819184109,
      1013.4124142945575,
      1017.7626475271265,
      984.2277820235847,
      968.2245495527668,
      957.0751371288451,
      981.8845231688824,
      1012.9425026381547,
      1010.3524916049224,
      1009.0877940863923,
      1008.6622926104445,
      1008.2060593776882,
      1009.1639473332596,
      1015.0242693284448,
      977.038458539616,
      994.4250976504635,
      1033.5282936706494,
      1042.4461033889893,
      1017.846590749252,
      1021.10980464456,
      1020.5389649535273,
      1027.469513622454,
      1037.049398311136
    ],
    "episode_lengths": [
      20,
      20,
      20,
      20,
      20,
      20,
      20,
      20,
      20,
      20,
      20,
      20,
      20,
      20,
      20,
      20,
      20,
      20,
      20,
      20,
      20,
      20,
      20,
      20,
      20,
      20,
      20,
      20,
      20,
      20,
      20,
      20,
      20,
      20,
      20,
      20,
      20,
      20,
      20,
      20,
      20,
      20,
      20,
      20,
      20,
      20,
      20,
      20,
      20,
      20,
      20,
      20,
      20,
      20,
      20,
      20,
      20,
      20,
      20,
      20,
      20,
      20,
      20,
      20,
      20,
      20,
      20,
      20,
      20,
      20,
      20,
      20,
      20,
      20,
      20,
      20,
      20,
      20,
      20,
      20,
      20,
      20,
      20,
      20,
      20,
      20,
      20,
      20,
      20,
      20,
      20,
      20,
      20,
      20,
      20,
      20,
      20,
      20,
      20,
      20
    ],
    "tns_improvements": [
      2494.672922657788,
      216.72974612755934,
      -1804.0360388803601,
      16313.954696828885,
      2010.0117206592113,
      825.4907901361876,
      -50.16787005880178,
      -17.95541500440595,
      -76.64269249900826,
      730.8891299190727,
      -482.3164109611971,
      883.1087008092072,
      214.2535046835401,
      284.9205327509262,
      -132.6831982923395,
      26.350477460953698,
      32.00284494651714,
      222.32527019402187,
      0.07460698755312478,
      298.91111927395104,
      -443.8867069440603,
      231.6475909244473,
      3232.0315442118153,
      -3902.72704603045,
      1826.0486529221598,
      411.98689069463944,
      -158.39063457485827,
      8950.959120807442,
      67.03970738684438,
      -109.07541580237739,
      2703.2758362126115,
      -151.45929015982256,
      213.30315377065926,
      -112.8608322422624,
      -155.5235946246139,
      -6.629363751129858,
      -407.76271411366906,
      1207.4234993449245,
      -45.17986003383339,
      -759.4671588655438,
      129.34009470722958,
      -3112.8060253885487,
      -820.4832401859094,
      61.508132166847645,
      -101.66800775247975,
      -2657.129638054281,
      100.77272390184226,
      -121.51701915524973,
      533.6158203312189,
      615.0848743821698,
      5958.707329163346,
      -225.76429704884504,
      33.715252946538385,
      367.7858032832228,
      89.19265361952057,
      88.38618761121324,
      -12.017054066560377,
      -119.76375494775493,
      772.2960080109515,
      -1671.073952563118,
      -430.31178792311766,
      -681.1049529391203,
      -611.6138731041101,
      -191.7435107247111,
      104.6078783334342,
      -789.1749507663772,
      1438.8810200867956,
      442.94523781541284,
      62.062355502952414,
      -288.28672897504293,
      399.0585655658251,
      297.7973435311942,
      1787.5887508386331,
      -479.70871911053837,
      275.042212327553,
      156.61072501466697,
      14.249934622610454,
      554.4116299331727,
      72.75602371887362,
      48.77342993430284,
      -2110.2728537892654,
      41.753267676940595,
      197.193373529768,
      1837.239701055103,
      -576.3158862073433,
      336.5219227848538,
      -202.870610011174,
      69.05587240761815,
      -81.26654937044805,
      224.55104532268524,
      521.4904084970221,
      -203.0855491896,
      -1391.2213658952496,
      2800.4443320729115,
      -2111.365313249862,
      618.5985082245425,
      -268.46436292496946,
      348.2494306854351,
      328.21212545693925,
      407.45007530868315
    ],