{
  "config": {
    "max_episodes": 102,
    "max_steps_per_episode": 20,
    "max_candidates": 20,
    "max_replacements": 36,
    "lr_actor": 0.0001,
    "lr_critic": 0.0002,
    "gamma": 0.99,
    "gae_lambda": 0.95,
    "eps_clip": 0.1,
    "entropy_coef": 0.05,
    "batch_size": 64
  },
  "training_stats": {
    "episode_rewards": [
      233.14541327183244,
      711.4253596488744,
      724.1145716569167,
      746.392980627971,
      754.117732133759,
      774.5411528554127,
      791.0838564241449,
      801.61707413001,
      817.9553732669494,
      830.0010033412035,
      845.4233188590837,
      866.3701300300103,
      889.7724816480484,
      914.785201092428,
      913.8856855320947,
      917.0713796542676,
      920.1897201393596,
      920.103308385305,
      925.3844394004692,
      946.3627131026024,
      938.5644684909136,
      938.2312428455257,
      943.7822296666427,
      953.3102491938103,
      966.7922108096585,
      970.0717256761147,
      967.3792046765632,
      950.7236556628839,
      940.2340341446965,
      961.3830012248143,
      955.6077321645288,
      926.5992602421346,
      925.0800218827727,
      918.032643995227,
      912.9088246822384,
      902.7608292550138,
      902.6128976079914,
      903.2534037083898,
      902.9528185170335,
      909.1264373763407,
      910.6850842204981,
      918.4504077068859,
      929.9643127017772,
      938.0686622135289,
      965.5602392429149,
      967.2725292210821,
      959.2994726742023,
      963.3301242247776,
      816.3422305849783,
      969.6357646306091,
      972.3870785743014,
      973.8458674173404,
      964.428690478787,
      952.3014672301598,
      941.7641837213184,
      948.1840150673931,
      956.1118167378652,
      959.8769766848305,
      972.0313167534429,
      979.5757636714661,
      981.502814568757,
      982.1186379837077,
      986.8101825658921,
      977.9199774311808,
      984.9663224243388,
      986.1282979474829,
      971.7150605510259,
      968.7707550189127,
      955.0581853485428,
      959.7868248998263,
      962.7204934883281,
      961.1370719699643,
      960.9851772674263,
      968.128886937404,
      973.1252984189987,
      967.1715605069331,
      969.7992376438488,
      1028.7879309676819,
      1028.0879761199774,
      1031.7628472731926,
      1029.2378034584417,
      1061.4198480324958,
      1060.344140668479,
      1055.6537084102295,
      1045.0451608857759,
      1068.5352298677221,
      1067.6674801369288,
      1061.9823453368624,
      1055.874002966403,
      1055.3585196533975,
      1055.517818696818,
      1068.5266663382963,
      1067.1426729099421,
      1066.2591214350412,
      1075.0568303611647,
      1091.1815206872857,
      1094.3633263770537,
      1092.5097488896101,
      1092.3312410584751,
      1102.08556147601,
      1098.6277247460164,
      1103.868544859459
    ],
    "episode_lengths": [
      20,
      20,
      20,
      20,
      20,
      20,
      20,
      20,
      20,
      20,
      20,
      20,
      20,
      20,
      20,
      20,
      20,
      20,
      20,
      20,
      20,
      20,
      20,
      20,
      20,
      20,
      20,
      20,
      20,
      20,
      20,
      20,
      20,
      20,
      20,
      20,
      20,
      20,
      20,
      20,
      20,
      20,
      20,
      20,
      20,
      20,
      20,
      20,
      20,
      20,
      20,
      20,
      20,
      20,
      20,
      20,
      20,
      20,
      20,
      20,
      20,
      20,
      20,
      20,
      20,
      20,
      20,
      20,
      20,
      20,
      20,
      20,
      20,
      20,
      20,
      20,
      20,
      20,
      20,
      20,
      20,
      20,
      20,
      20,
      20,
      20,
      20,
      20,
      20,
      20,
      20,
      20,
      20,
      20,
      20,
      20,
      20,
      20,
      20,
      20,
      20,
      20
    ],
    "tns_improvements": [
      23841.149594313232,
      24056.191801436613,
      24408.926533159458,
      26036.360727074658,
      25473.94128047747,
      26790.008540911072,
      27944.05429337557,
      27828.928606154022,
      28551.598532944354,
      29415.286324350793,
      30073.99141745557,
      30350.824197484395,
      32212.032281469295,
      32635.59746608941,
      32401.478962791487,
      32601.892871283955,
      32554.204795382862,
      32480.700925431614,
      33970.96839637391,
      33328.129722622056,
      33120.2782080133,
      33415.9439233287,
      33723.77945939945,
      34160.40797226872,
      34571.60438416666,
      34676.848198251144,
      34454.49095363388,
      33502.18782458303,
      34322.79363339135,
      34172.981026028225,
      33840.3297848119,
      32822.67271102153,
      32688.99475289515,
      32345.74754308945,
      32058.12339521815,
      32031.14053471984,
      31979.17854424608,
      32015.439316553646,
      32032.499447707414,
      31830.904261912023,
      32231.506481577457,
      32881.81295951199,
      33322.03148956803,
      33391.25966858976,
      34505.88450991677,
      34951.321976387815,
      34353.18532267809,
      34386.64655659557,
      34547.90067840699,
      34620.425775735814,
      34811.409005730224,
      34753.13561938085,
      34475.645587318824,
      33393.13372506281,
      33613.986395431086,
      33571.42488538899,
      34152.12304393665,
      34269.478059000554,
      34862.41353986373,
      35072.62938543518,
      35130.329008523135,
      35231.09640335444,
      35013.30617218952,
      34973.56374046282,
      35394.25300334845,
      34547.6413303074,
      34460.150426546825,
      34423.14713707742,
      33932.90995093768,
      34307.097744295694,
      34381.315709699236,
      34305.0123013579,
      34027.26469755313,
      34909.06777608016,
      34510.805018381565,
      34587.03559609219,
      34357.63509657857,
      36897.84492699633,
      37303.32502256225,
      36735.65111241312,
      38157.69404595196,
      38301.42796018637,
      38306.222347315066,
      37897.621192769846,
      38050.471370340485,
      38709.529958457715,
      38766.92049545438,
      38013.702559974816,
      38033.21051086306,
      38219.52725142172,
      38413.33133608836,
      38716.4328811632,
      38635.58732836538,
      38447.99693994778,
      39740.47418145988,
      39928.42694667417,
      39686.89748261265,
      39577.85581759036,
      39905.43911272364,
      40088.204915946146,
      40124.77655070185,
      40234.1983560893
    ],