{
  "config": {
    "max_episodes": 51,
    "max_steps_per_episode": 20,
    "max_candidates": 20,
    "max_replacements": 36,
    "lr_actor": 0.0001,
    "lr_critic": 0.0002,
    "gamma": 0.99,
    "gae_lambda": 0.95,
    "eps_clip": 0.1,
    "entropy_coef": 0.05,
    "batch_size": 64
  },
  "training_stats": {
    "episode_rewards": [
      426.8801159343724,
      485.4726277420051,
      720.6290781448591,
      919.2577216578089,
      910.8512256660756,
      878.2750008814328,
      859.335124366174,
      720.9660569126253,
      420.93239155115066,
      71.24040950500081,
      0.4457152997286276,
      28.32257858677195,
      579.3358024930993,
      1049.2779173103247,
      862.2349833185898,
      917.2004279295409,
      1020.2108819577959,
      435.9298826602056,
      382.9532403393335,
      402.1055480759528,
      470.79034367967967,
      1036.4270767768862,
      1103.4760855228133,
      1116.225717464894,
      1131.345014200169,
      838.9203955775372,
      634.7993523981229,
      692.3467461427404,
      704.2729754483167,
      873.7857361744061,
      1031.3788366898318,
      1112.214000799595,
      865.1499762714159,
      1035.7737393916293,
      1055.9148450755126,
      1082.175647046519,
      1045.2871615176923,
      1001.1717561171419,
      854.7400633188573,
      778.4532638214789,
      469.4208031107668,
      392.69223011880825,
      380.7174676178244,
      374.77603988413875,
      691.5877991808127,
      1042.6766067626784,
      949.9399903306556,
      934.3527083666675,
      951.4996349349575,
      976.0965828237879,
      938.0813160646433
    ],
    "episode_lengths": [
      20,
      20,
      20,
      20,
      20,
      20,
      20,
      20,
      20,
      20,
      20,
      20,
      20,
      20,
      20,
      20,
      20,
      20,
      20,
      20,
      20,
      20,
      20,
      20,
      20,
      20,
      20,
      20,
      20,
      20,
      20,
      20,
      20,
      20,
      20,
      20,
      20,
      20,
      20,
      20,
      20,
      20,
      20,
      20,
      20,
      20,
      20,
      20,
      20,
      20,
      20
    ],
    "tns_improvements": [
      967.0744244079065,
      887.577792590389,
      2055.6538775623494,
      2113.3833656497864,
      2011.2831480720936,
      1888.2118166761572,
      1905.1365006203807,
      413.0573677392608,
      264.7440055545849,
      -314.6161121984451,
      -434.06411971673697,
      865.4865747581257,
      2430.1641907102958,
      2246.7476857704537,
      1947.5697799026213,
      2448.5922276581714,
      1196.4094207628186,
      755.0267108385092,
      624.0152863833314,
      769.9858559320824,
      2319.917045523048,
      2780.2036339854885,
      2474.063630524715,
      2698.075162966429,
      2503.525841091523,
      1601.898398112968,
      1401.5786365333634,
      1510.4275668378118,
      1987.6552705453062,
      1992.8476726299234,
      2456.246327265126,
      2618.2741635054945,
      1228.1138377591192,
      2416.2164587961975,
      2517.3583318552046,
      2363.8864293882975,
      2495.8684108154807,
      2074.1197731155157,
      1862.1579908085678,
      1065.6036096126236,
      745.4001889981237,
      678.8247768820343,
      669.4815839586654,
      1074.9963184830885,
      2422.9667258351938,
      2396.0750146475716,
      2069.0612639282035,
      2166.653087829484,
      2279.2815503917654,
      2259.007767658076,
      2240.3952116427704
    ],
    "wns_improvements": [
      37.347070030353336,
      25.462132504251173,
      84.65883583574424,
      108.9960903669504,
      90.15160876087401,
      84.50357114513001,
      82.94784337008201,
      0.7487621663747461,
      -17.211759863962982,
      -57.96332881293307,
      -76.25475281708253,
      1.1343148687920177,
      106.39944523543016,
      59.23231373515023,
      49.371007479693986,
      96.96773978106923,
      33.97054873206892,
      -3.971295530528323,
      -9.425849027882634,
      -5.08526556231277,
      92.1225877043667,
      124.47518066060873,
      87.06840838686763,
      104.19939952546639,
      86.47269046504901,
      81.96535150051415,
      66.06390461102512,
      72.0873363884705,
      82.5503557701023,
      79.12137643369476,
      90.31808670408176,
      104.8550417352786,
      3.6718683795904496,
      114.22141056437928,
      108.42934926619029,
      94.64118415694391,
      87.50453174825867,
      52.30729759137981,
      70.73691660707169,
      7.8931028695362215,
      -20.871499056960943,
      -22.61082996543996,
      -30.819208419653904,
      9.140771509595425,
      118.7299430186704,
      118.72947117388306,
      92.01084375649167,
      92.00820697679765,
      112.07046446787575,
      101.01081123042636,
      83.31776968336527
    ],
    "power_improvements": [
      -1.5115784275349098e-05,
      4.85901803378222e-06,
      1.0557968129829357e-05,
      1.4456220677028231e-05,
      2.9477941994971585e-05,
      3.158502100383126e-05,
      2.7056975782011744e-05,
      1.586294164361915e-05,
      -8.132901329397507e-06,
      1.167191701675202e-05,
      2.0540652513032637e-05,
      3.813112759038645e-05,
      3.599667472353914e-05,
      2.742522196602995e-05,
      4.144143293788316e-05,
      2.039903668245649e-05,
      1.8089057731250982e-05,
      2.5403556466739238e-05,
      3.368546655636677e-05,
      3.357114131214388e-05,
      4.398919521314028e-05,
      3.12738836091668e-05,
      3.3028737088800636e-05,
      4.919645100947764e-05,
      5.0765151425768984e-05,
      3.252745356893162e-05,
      5.38886392510516e-05,
      6.156618905096486e-05,
      4.7183518836676e-05,
      0.0001269189774817884,
      6.243721109609052e-05,
      3.211375757408187e-05,
      2.3246490828964482e-05,
      3.383449882093069e-05,
      5.742506307856651e-05,
      6.281352047169536e-05,
      5.651576061716651e-05,
      5.031317418954101e-05,
      0.00010377206349651558,
      9.727952178354912e-05,
      0.00010505392709666238,
      6.654248952808577e-05,
      7.313432192294737e-05,
      9.064801186001344e-05,
      9.97771363340106e-05,
      0.0001158375736680442,
      7.93546861990891e-05,
      5.3347910184081346e-05,
      8.568945033540255e-05,
      9.396100090500355e-05,
      0.00010602306321203826
    ],
    "success_rates": [
      1.0,
      1.0,
      1.0,
      1.0,
      1.0,
      1.0,
      1.0,
      1.0,
      1.0,
      1.0,
      1.0,
      1.0,
      1.0,
      1.0,
      1.0,
      1.0,
      1.0,
      1.0,
      1.0,
      1.0,
      1.0,
      1.0,
      1.0,
      1.0,
      1.0,
      1.0,
      1.0,
      1.0,
      1.0,
      1.0,
      1.0,
      1.0,
      1.0,
      1.0,
      1.0,
      1.0,
      1.0,
      1.0,
      1.0,
      1.0,
      1.0,
      1.0,
      1.0,
      1.0,
      1.0,
      1.0,
      1.0,
      1.0,
      1.0,
      1.0,
      1.0
    ],
    "agent_stats": {
      "episode_rewards": [],
      "episode_lengths": [],
      "policy_losses": [],
      "value_losses": [],
      "total_steps": 0
    }
  },
  "summary": {
    "total_episodes": 51,
    "average_reward": 758.0067969208594,
    "best_reward": 1131.345014200169,
    "average_length": 20.0,
    "average_tns_improvement": 1694.3455192470844,
    "average_wns_improvement": 57.94904231061155,
    "average_power_improvement": 4.894944150774813e-05,
    "average_success_rate": 1.0
  }
}