{
  "config": {
    "max_episodes": 10,
    "max_steps_per_episode": 20,
    "max_candidates": 20,
    "max_replacements": 36,
    "lr_actor": 0.0001,
    "lr_critic": 0.0002,
    "gamma": 0.99,
    "gae_lambda": 0.95,
    "eps_clip": 0.1,
    "entropy_coef": 0.05,
    "batch_size": 64
  },
  "training_stats": {
    "episode_rewards": [
      128.66554008609512,
      425.64527931807777,
      492.1119045419505,
      528.0411950104534,
      550.8207070673172,
      804.8596487887121,
      752.8583630782942,
      744.0021656798655,
      767.7332561497216,
      809.093364966461
    ],
    "episode_lengths": [
      20,
      20,
      20,
      20,
      20,
      20,
      20,
      20,
      20,
      20
    ],
    "tns_improvements": [
      244.60567003044025,
      707.8917480504961,
      -18.086643366439148,
      192.36012859505172,
      683.1417681082364,
      -112.46537079931295,
      -100.83578456989471,
      41.374459579424865,
      62.05691541011265,
      118.27816551256956
    ],
    "wns_improvements": [
      9.631434577289099,
      18.489987392897092,
      17.654711096982737,
      20.539098282059967,
      1.8048340671936387,
      -5.747707888177985,
      -0.2790268027788443,
      7.5841000449727005,
      0.8938405606973276,
      -9.918621519331538
    ],
    "power_improvements": [
      -2.8176103168044836e-05,
      7.711911953228734e-06,
      1.0131326308424754e-05,
      -3.372741399644552e-06,
      1.9972464056865896e-05,
      2.6785086651465173e-05,
      7.361442826489539e-05,
      -3.168385461027254e-05,
      1.202863480001537e-07,
      -3.271409301279851e-05
    ],
    "success_rates": [
      1.0,
      1.0,
      1.0,
      1.0,
      1.0,
      1.0,
      1.0,
      1.0,
      1.0,
      1.0
    ],
    "agent_stats": {
      "episode_rewards": [],
      "episode_lengths": [],
      "policy_losses": [],
      "value_losses": [],
      "total_steps": 0
    }
  },
  "summary": {
    "total_episodes": 10,
    "average_reward": 600.3831424686948,
    "best_reward": 809.093364966461,
    "average_length": 20.0,
    "average_tns_improvement": 181.83210565506846,
    "average_wns_improvement": 6.06526498118042,
    "average_power_improvement": 4.238871139211966e-06,
    "average_success_rate": 1.0
  }
}