{
  "config": {
    "max_episodes": 102,
    "max_steps_per_episode": 20,
    "max_candidates": 20,
    "max_replacements": 36,
    "lr_actor": 0.0001,
    "lr_critic": 0.0002,
    "gamma": 0.99,
    "gae_lambda": 0.95,
    "eps_clip": 0.1,
    "entropy_coef": 0.05,
    "batch_size": 64
  },
  "training_stats": {
    "episode_rewards": [
      40.274584916200766,
      149.0407672379133,
      764.4989954017717,
      803.5089632015117,
      800.1950979997331,
      805.1583295796407,
      804.8568380042348,
      804.3267975960916,
      797.9201948517054,
      804.1650912434,
      808.8277773929875,
      831.7358125464375,
      847.8216751022195,
      865.4345402216379,
      887.0802555127865,
      871.9936683359169,
      899.0722619628459,
      882.5693397320202,
      900.7944812637792,
      915.0301826298978,
      937.0871518620922,
      934.316530558041,
      936.7456741656486,
      931.6292910552187,
      928.183704149935,
      934.7063440120146,
      918.5497682931385,
      933.1601158434001,
      941.3382807275975,
      912.6965666373541,
      869.7998880956804,
      870.6092152134903,
      870.2012763658557,
      848.6839559295238,
      834.5366758569553,
      882.1960428313971,
      908.8738867784965,
      894.4853457539078,
      890.9198917347283,
      902.311404482824,
      925.4284337355156,
      857.2593340751697,
      838.8336194628437,
      924.5340169309683,
      977.242229354689,
      984.8306495468312,
      991.2773763941659,
      995.3200773679765,
      991.1912364963711,
      1005.9042687593159,
      996.4425937893858,
      969.5287360041345,
      976.4892254492056,
      965.2971891834165,
      956.4706863633502,
      958.1453290359711,
      947.5122443995433,
      919.6546125030221,
      915.6712954249139,
      868.1442453277078,
      857.8058556412468,
      870.0232254985503,
      894.8426469447661,
      884.9390592087049,
      794.0158341867497,
      612.13445856537,
      839.9484151041803,
      964.3757144621467,
      986.739603589197,
      1004.1645674871298,
      989.6266735104659,
      973.1689299184546,
      950.9263150529722,
      978.7389088130493,
      984.9663106853917,
      981.7009233658105,
      980.7557165072831,
      971.6938515078054,
      934.6629754157427,
      951.9299151293062,
      961.9937008497252,
      1009.7098149004587,
      1020.533205659544,
      1018.5255825323587,
      1019.8953568730457,
      1025.109201961184,
      1020.2852405304257,
      1011.5063724127589,
      999.8846162073752,
      986.2877998210278,
      992.4786561899421,
      1008.7906247625554,
      1006.5507109363836,
      1010.9356634022653,
      1013.6869986666236,
      1013.3630294254871,
      995.330320786136,
      991.8076787422186,
      992.0479827056225,
      989.2141932429527,
      998.1357118345015,
      1023.8403073711855
    ],
    "episode_lengths": [
      20,
      20,
      20,
      20,
      20,
      20,
      20,
      20,
      20,
      20,
      20,
      20,
      20,
      20,
      20,
      20,
      20,
      20,
      20,
      20,
      20,
      20,
      20,
      20,
      20,
      20,
      20,
      20,
      20,
      20,
      20,
      20,
      20,
      20,
      20,
      20,
      20,
      20,
      20,
      20,
      20,
      20,
      20,
      20,
      20,
      20,
      20,
      20,
      20,
      20,
      20,
      20,
      20,
      20,
      20,
      20,
      20,
      20,
      20,
      20,
      20,
      20,
      20,
      20,
      20,
      20,
      20,
      20,
      20,
      20,
      20,
      20,
      20,
      20,
      20,
      20,
      20,
      20,
      20,
      20,
      20,
      20,
      20,
      20,
      20,
      20,
      20,
      20,
      20,
      20,
      20,
      20,
      20,
      20,
      20,
      20,
      20,
      20,
      20,
      20,
      20,
      20
    ],
    "tns_improvements": [
      2513.7012571974774,
      22900.04284246586,
      1662.4142129364373,
      530.2442950365657,
      248.43061041016335,
      -64.14602208389624,
      120.25047672369692,
      -370.55159089322115,
      -248.02204833546784,
      514.9232172355187,
      463.3538016248276,
      882.1494681120967,
      691.5623656944554,
      477.88084791549045,
      1039.7585056744974,
      -4506.187441209138,
      5611.594766859671,
      -340.4938566936253,
      93.81651049095672,
      299.1811255146167,
      849.8233262195208,
      14.384937742943293,
      -28.748559203726472,
      -526.2474921319445,
      54.010129917776794,
      432.7258568775069,
      -832.654837298116,
      1203.5297251373995,
      -836.3425541114448,
      -2698.808298743672,
      357.0299625776788,
      151.048951728284,
      -357.1951637644015,
      -2579.2577066174927,
      1071.4789098824149,
      3448.5872073684113,
      -329.9920350171269,
      -581.3873850040982,
      97.68719205947855,
      1320.1688683921675,
      -695.2003445160844,
      -3480.0304999082764,
      807.219183613106,
      3531.301487568755,
      2416.777898581993,
      279.4546827342565,
      130.6741386989488,
      -49.83746768535639,
      101.73550931264617,
      375.12926248664735,
      -1522.630916328646,
      -99.7193442918724,
      116.90737313858699,
      -462.46917591527017,
      -210.48585181211456,
      316.0653973405824,
      -1281.723177163407,
      -496.1187036584888,
      117.97851631702724,
      -3788.3474286844357,
      1263.725129594688,
      1330.0258725333842,
      68.17124669806435,
      -573.9924114521236,
      -11162.81294086371,
      -414.32457630462886,
      14772.787496807021,
      46.7821339093789,
      1703.162062638261,
      154.24639405198104,
      -1030.8305361639977,
      144.83880819292608,
      -4441.439234154277,
      4609.468380978236,
      -261.49038594561716,
      19.291235352971853,
      -82.81730889743994,
      -1858.4742707981422,
      -60.75850957762668,
      922.7285639135007,
      -49.45199824966403,
      2654.223518253413,
      259.0638824933012,
      -227.7964492812389,
      106.05738552017283,
      134.36363186912786,
      -624.4462749632148,
      -160.87220508941755,
      -519.2664097252054,
      -748.0629479110248,
      1530.748867117145,
      -222.0339476711997,
      -49.8605603243559,
      225.84245675008788,
      256.48461235218565,
      -1032.704592637052,
      35.88773736980511,
      -188.74857308151695,
      -21.454837992005196,
      -54.94804633273088,
      877.6623907178437,
      2825.274248073263
    ],